SUPPORT,PRESENCE_IN_ALL,PRESENCE_IN_BENIGN,PRESENCE_IN_MALWARE,SUPPORT_IN_ALL,SUPPORT_IN_BENIGN,SUPPORT_IN_MALWARE
,65,2,63,0.30%,0.00%,1.00%
.Rtl,1,0,1,0.00%,0.00%,0.00%
.tyu,1,0,1,0.00%,0.00%,0.00%
eoc,1,0,1,0.00%,0.00%,0.00%
.qdata,3,0,3,0.00%,0.00%,0.00%
.yidata,1,0,1,0.00%,0.00%,0.00%
BSHDHHD,2,0,2,0.00%,0.00%,0.00%
.3rdata,1,0,1,0.00%,0.00%,0.00%
3Boc,1,0,1,0.00%,0.00%,0.00%
"oc",1,0,1,0.00%,0.00%,0.00%
Egz91k,1,0,1,0.00%,0.00%,0.00%
bcqvjqa,1,0,1,0.00%,0.00%,0.00%
.idata,5564,4901,663,23.80%,29.10%,10.10%
[Koc,1,0,1,0.00%,0.00%,0.00%
.text,1,0,1,0.00%,0.00%,0.00%
Uf8S7URA,1,0,1,0.00%,0.00%,0.00%
/41,35,5,30,0.10%,0.00%,0.50%
.trdata,3,0,3,0.00%,0.00%,0.00%
.Scan40,1,0,1,0.00%,0.00%,0.00%
ncrubwi,1,0,1,0.00%,0.00%,0.00%
.reg,1,0,1,0.00%,0.00%,0.00%
vdmcgxc,1,0,1,0.00%,0.00%,0.00%
.rc,2,0,2,0.00%,0.00%,0.00%
.apiset,6,6,0,0.00%,0.00%,0.00%
lnasyht,1,0,1,0.00%,0.00%,0.00%
.petite,18,0,18,0.10%,0.00%,0.30%
_mvdata,1,0,1,0.00%,0.00%,0.00%
.nvFatBi,13,9,4,0.10%,0.10%,0.10%
.ex_rsc,1,0,1,0.00%,0.00%,0.00%
.adate,2,0,2,0.00%,0.00%,0.00%
lolo,1,0,1,0.00%,0.00%,0.00%
e,1,0,1,0.00%,0.00%,0.00%
BSS,185,4,181,0.80%,0.00%,2.80%
eeralrr,1,0,1,0.00%,0.00%,0.00%
/77,2,2,0,0.00%,0.00%,0.00%
/124,2,2,0,0.00%,0.00%,0.00%
hmdsfjj,1,0,1,0.00%,0.00%,0.00%
bero^fr,7,0,7,0.00%,0.00%,0.10%
.c2r,2,2,0,0.00%,0.00%,0.00%
.bss,2169,1938,231,9.30%,11.50%,3.50%
.bbbt,1,0,1,0.00%,0.00%,0.00%
9b+BsnzP,1,0,1,0.00%,0.00%,0.00%
.jgd,1,0,1,0.00%,0.00%,0.00%
.edata,1159,1082,77,5.00%,6.40%,1.20%
iwnsxpd,1,0,1,0.00%,0.00%,0.00%
IPPCODE,1,1,0,0.00%,0.00%,0.00%
enpwumm,1,0,1,0.00%,0.00%,0.00%
phefgkz,1,0,1,0.00%,0.00%,0.00%
.ndr64,4,4,0,0.00%,0.00%,0.00%
.gda,1,0,1,0.00%,0.00%,0.00%
HookCnt,1,1,0,0.00%,0.00%,0.00%
dzvwqib8,1,0,1,0.00%,0.00%,0.00%
MJlxC078,1,0,1,0.00%,0.00%,0.00%
.relob,1,0,1,0.00%,0.00%,0.00%
.WWR,2,0,2,0.00%,0.00%,0.00%
.didata,10,3,7,0.00%,0.00%,0.10%
.bind,1,0,1,0.00%,0.00%,0.00%
vbrjwag,1,0,1,0.00%,0.00%,0.00%
PROMAP,1,0,1,0.00%,0.00%,0.00%
K,1,0,1,0.00%,0.00%,0.00%
.pdata5,1,0,1,0.00%,0.00%,0.00%
.BRD,1,0,1,0.00%,0.00%,0.00%
imports,8,0,8,0.00%,0.00%,0.10%
.stab,19,15,4,0.10%,0.10%,0.10%
.clam01,6,0,6,0.00%,0.00%,0.10%
kldsbsc,1,0,1,0.00%,0.00%,0.00%
.data_cy,244,244,0,1.00%,1.40%,0.00%
.didat,1290,1277,13,5.50%,7.60%,0.20%
TEXT,1,1,0,0.00%,0.00%,0.00%
.fsddd,2,0,2,0.00%,0.00%,0.00%
U000,1,0,1,0.00%,0.00%,0.00%
.adata,49,0,49,0.20%,0.00%,0.70%
.clean,1,0,1,0.00%,0.00%,0.00%
jedsbrm,1,0,1,0.00%,0.00%,0.00%
.tls,2191,1598,593,9.40%,9.50%,9.10%
.flat,5,0,5,0.00%,0.00%,0.10%
.code,46,0,46,0.20%,0.00%,0.70%
/92,190,159,31,0.80%,0.90%,0.50%
.nkh,3,0,3,0.00%,0.00%,0.00%
.dedata,2,0,2,0.00%,0.00%,0.00%
.data2,7,0,7,0.00%,0.00%,0.10%
6515nnlv,1,0,1,0.00%,0.00%,0.00%
zpzptpj,1,0,1,0.00%,0.00%,0.00%
3dj0htan,1,0,1,0.00%,0.00%,0.00%
lfvced,1,0,1,0.00%,0.00%,0.00%
.av,1,0,1,0.00%,0.00%,0.00%
ejfzfsy,1,0,1,0.00%,0.00%,0.00%
.guids,18,18,0,0.10%,0.10%,0.00%
?g_Encry,2,2,0,0.00%,0.00%,0.00%
.gfids,1141,790,351,4.90%,4.70%,5.40%
qoyxmxn,1,0,1,0.00%,0.00%,0.00%
.wtq,8,0,8,0.00%,0.00%,0.10%
pec1,2,0,2,0.00%,0.00%,0.00%
PRODBG,1,0,1,0.00%,0.00%,0.00%
6swD,1,0,1,0.00%,0.00%,0.00%
.STL,7,4,3,0.00%,0.00%,0.00%
`,1,0,1,0.00%,0.00%,0.00%
gbjeovg,1,0,1,0.00%,0.00%,0.00%
xrsvbtk,1,0,1,0.00%,0.00%,0.00%
.USA,1,0,1,0.00%,0.00%,0.00%
.data,4,0,4,0.00%,0.00%,0.10%
coderpub,3,0,3,0.00%,0.00%,0.00%
CODE FMX,1,0,1,0.00%,0.00%,0.00%
hzgezro,1,0,1,0.00%,0.00%,0.00%
.bea1,3,0,3,0.00%,0.00%,0.00%
.gms,1,0,1,0.00%,0.00%,0.00%
.lif,8,0,8,0.00%,0.00%,0.10%
gtemnoa,1,0,1,0.00%,0.00%,0.00%
.asp,1,0,1,0.00%,0.00%,0.00%
.CRT,1452,1313,139,6.20%,7.80%,2.10%
dqtemgt,1,0,1,0.00%,0.00%,0.00%
PAGESENM,1,1,0,0.00%,0.00%,0.00%
kbrdhox,1,0,1,0.00%,0.00%,0.00%
",a",1,0,1,0.00%,0.00%,0.00%
.FISHPEP,19,0,19,0.10%,0.00%,0.30%
PAGER32C,6,6,0,0.00%,0.00%,0.00%
XswNlTz0,1,0,1,0.00%,0.00%,0.00%
/83,1,1,0,0.00%,0.00%,0.00%
.pmj,1,0,1,0.00%,0.00%,0.00%
NONPAGE,17,17,0,0.10%,0.10%,0.00%
.amy_Han,1,0,1,0.00%,0.00%,0.00%
.Katja,1,0,1,0.00%,0.00%,0.00%
5a3wxbvq,1,0,1,0.00%,0.00%,0.00%
.nkh,4,0,4,0.00%,0.00%,0.10%
.clam07,3,0,3,0.00%,0.00%,0.00%
.vmp0,23,0,23,0.10%,0.00%,0.40%
.imrsiv,43,40,3,0.20%,0.20%,0.00%
.isoapis,1,1,0,0.00%,0.00%,0.00%
.dataa,1,0,1,0.00%,0.00%,0.00%
AUTO,1,0,1,0.00%,0.00%,0.00%
_winoc,1,0,1,0.00%,0.00%,0.00%
.clam08,1,0,1,0.00%,0.00%,0.00%
/96,1,1,0,0.00%,0.00%,0.00%
WPCHMAP,2,2,0,0.00%,0.00%,0.00%
.vc++,4,0,4,0.00%,0.00%,0.10%
.olvbg,1,0,1,0.00%,0.00%,0.00%
.MPRESS2,4,0,4,0.00%,0.00%,0.10%
JfPrH,1,0,1,0.00%,0.00%,0.00%
532bxodi,1,0,1,0.00%,0.00%,0.00%
js,1,0,1,0.00%,0.00%,0.00%
DATA,200,7,193,0.90%,0.00%,3.00%
hJFZn6,1,0,1,0.00%,0.00%,0.00%
yvoplco,1,0,1,0.00%,0.00%,0.00%
.textbss,15,2,13,0.10%,0.00%,0.20%
unnoywy,1,0,1,0.00%,0.00%,0.00%
BASE,2,2,0,0.00%,0.00%,0.00%
kfdgrqc,1,0,1,0.00%,0.00%,0.00%
.Inc,1,0,1,0.00%,0.00%,0.00%
.rmnet,29,0,29,0.10%,0.00%,0.40%
.2data,1,0,1,0.00%,0.00%,0.00%
.clam05,3,0,3,0.00%,0.00%,0.00%
VVR,1,0,1,0.00%,0.00%,0.00%
U,1,0,1,0.00%,0.00%,0.00%
PAGEPpoe,2,2,0,0.00%,0.00%,0.00%
3ext,1,0,1,0.00%,0.00%,0.00%
1eS,1,0,1,0.00%,0.00%,0.00%
.ajelhf,1,0,1,0.00%,0.00%,0.00%
.dada1,1,0,1,0.00%,0.00%,0.00%
}oc,1,0,1,0.00%,0.00%,0.00%
.4WA2,1,0,1,0.00%,0.00%,0.00%
vqrdwfw,1,0,1,0.00%,0.00%,0.00%
stub,1,0,1,0.00%,0.00%,0.00%
akhguas,1,0,1,0.00%,0.00%,0.00%
NONPAGED,1,1,0,0.00%,0.00%,0.00%
c,1,0,1,0.00%,0.00%,0.00%
AAA,1,0,1,0.00%,0.00%,0.00%
.wixburn,17,6,11,0.10%,0.00%,0.20%
einxghh,1,0,1,0.00%,0.00%,0.00%
vvnjglz,1,0,1,0.00%,0.00%,0.00%
.mjg,5,0,5,0.00%,0.00%,0.10%
uoc,1,0,1,0.00%,0.00%,0.00%
.fqac,1,0,1,0.00%,0.00%,0.00%
"
oc",1,0,1,0.00%,0.00%,0.00%
.data,2,0,2,0.00%,0.00%,0.00%
ZKZR,1,0,1,0.00%,0.00%,0.00%
.trace,5,1,4,0.00%,0.00%,0.10%
INITDATA,4,4,0,0.00%,0.00%,0.00%
Os3Pw54a,1,0,1,0.00%,0.00%,0.00%
yeflwux,1,0,1,0.00%,0.00%,0.00%
.tRrr,1,0,1,0.00%,0.00%,0.00%
.erloc,1,0,1,0.00%,0.00%,0.00%
.enigma2,1,0,1,0.00%,0.00%,0.00%
.crt1,3,0,3,0.00%,0.00%,0.00%
/45,199,168,31,0.90%,1.00%,0.50%
.axc,1,0,1,0.00%,0.00%,0.00%
code,12,0,12,0.10%,0.00%,0.20%
.tzglhi,1,0,1,0.00%,0.00%,0.00%
/19,200,167,33,0.90%,1.00%,0.50%
.jcr,1,0,1,0.00%,0.00%,0.00%
tyersrb,1,0,1,0.00%,0.00%,0.00%
uoxeach,1,0,1,0.00%,0.00%,0.00%
.sdbid,19,19,0,0.10%,0.10%,0.00%
/91,1,1,0,0.00%,0.00%,0.00%
qsbwyzb,1,0,1,0.00%,0.00%,0.00%
PAGEFW,1,1,0,0.00%,0.00%,0.00%
4ext,1,0,1,0.00%,0.00%,0.00%
IS,1,0,1,0.00%,0.00%,0.00%
/31,196,165,31,0.80%,1.00%,0.50%
.debug,20,16,4,0.10%,0.10%,0.10%
kqxtxmq,1,0,1,0.00%,0.00%,0.00%
pec2,1,0,1,0.00%,0.00%,0.00%
SimpCryp,1,0,1,0.00%,0.00%,0.00%
.clec,1,0,1,0.00%,0.00%,0.00%
yyiqrbu,1,0,1,0.00%,0.00%,0.00%
QMst6,1,0,1,0.00%,0.00%,0.00%
ALMOSTRO,10,10,0,0.00%,0.10%,0.00%
_winc,2,0,2,0.00%,0.00%,0.00%
aqaq,2,0,2,0.00%,0.00%,0.00%
BID,1,1,0,0.00%,0.00%,0.00%
.RLPack,6,0,6,0.00%,0.00%,0.10%
ljtgntp,1,0,1,0.00%,0.00%,0.00%
1z71zfoh,1,0,1,0.00%,0.00%,0.00%
.nv_fatb,14,9,5,0.10%,0.10%,0.10%
PAGE5NET,1,1,0,0.00%,0.00%,0.00%
venzact,1,0,1,0.00%,0.00%,0.00%
/108,2,0,2,0.00%,0.00%,0.00%
iizdudl,1,0,1,0.00%,0.00%,0.00%
PAGENDPx,3,3,0,0.00%,0.00%,0.00%
.arch,6,0,6,0.00%,0.00%,0.10%
W,1,0,1,0.00%,0.00%,0.00%
mjtupgg,1,0,1,0.00%,0.00%,0.00%
fmrhjsq,1,0,1,0.00%,0.00%,0.00%
XpTf,1,0,1,0.00%,0.00%,0.00%
.hello,1,0,1,0.00%,0.00%,0.00%
yqoiyjg,1,0,1,0.00%,0.00%,0.00%
ucnycxj,1,0,1,0.00%,0.00%,0.00%
ttmwulc,1,0,1,0.00%,0.00%,0.00%
nono,1,0,1,0.00%,0.00%,0.00%
.bss1,2,0,2,0.00%,0.00%,0.00%
5data,1,0,1,0.00%,0.00%,0.00%
ljanwjb,1,0,1,0.00%,0.00%,0.00%
RT_CODE,26,26,0,0.10%,0.20%,0.00%
btdx,2,0,2,0.00%,0.00%,0.00%
PAGEMSG,5,5,0,0.00%,0.00%,0.00%
.tems,1,0,1,0.00%,0.00%,0.00%
RT_DATA,19,19,0,0.10%,0.10%,0.00%
.nrdata,2,0,2,0.00%,0.00%,0.00%
.dosa,1,0,1,0.00%,0.00%,0.00%
ta,2,0,2,0.00%,0.00%,0.00%
27Q3KWYI,1,0,1,0.00%,0.00%,0.00%
PAGED,1,1,0,0.00%,0.00%,0.00%
Mobile,1,0,1,0.00%,0.00%,0.00%
MINTCKY4,1,0,1,0.00%,0.00%,0.00%
.001x,1,0,1,0.00%,0.00%,0.00%
GFIDS,452,452,0,1.90%,2.70%,0.00%
.imports,86,0,86,0.40%,0.00%,1.30%
1w24rklk,1,0,1,0.00%,0.00%,0.00%
.tsuarch,1,0,1,0.00%,0.00%,0.00%
PAGEUMDM,1,1,0,0.00%,0.00%,0.00%
x5!,1,0,1,0.00%,0.00%,0.00%
PAGEKRPC,4,4,0,0.00%,0.00%,0.00%
k000oavd,1,0,1,0.00%,0.00%,0.00%
.clam03,6,0,6,0.00%,0.00%,0.10%
.text0,1,0,1,0.00%,0.00%,0.00%
yi47ugkh,1,0,1,0.00%,0.00%,0.00%
.bak,1,0,1,0.00%,0.00%,0.00%
/57,199,168,31,0.90%,1.00%,0.50%
qqtzwqt,1,0,1,0.00%,0.00%,0.00%
.kd0,1,0,1,0.00%,0.00%,0.00%
.Reloc,1,0,1,0.00%,0.00%,0.00%
.bT,4,0,4,0.00%,0.00%,0.10%
testdata,3,3,0,0.00%,0.00%,0.00%
GBte,1,0,1,0.00%,0.00%,0.00%
.api,1,0,1,0.00%,0.00%,0.00%
PEPACK!!,2,0,2,0.00%,0.00%,0.00%
nusimqy,1,0,1,0.00%,0.00%,0.00%
.link,4,0,4,0.00%,0.00%,0.10%
.data_1,2,0,2,0.00%,0.00%,0.00%
.dtors,1,0,1,0.00%,0.00%,0.00%
.raata,1,0,1,0.00%,0.00%,0.00%
.ykry,1,0,1,0.00%,0.00%,0.00%
.eXeCr2,1,0,1,0.00%,0.00%,0.00%
.data3,1,0,1,0.00%,0.00%,0.00%
.morpc,1,0,1,0.00%,0.00%,0.00%
83,1,0,1,0.00%,0.00%,0.00%
tubjntj,1,0,1,0.00%,0.00%,0.00%
0.1234535,1,0,1,0.00%,0.00%,0.00%
0ext,2,0,2,0.00%,0.00%,0.00%
/47,2,0,2,0.00%,0.00%,0.00%
b894dnme,1,0,1,0.00%,0.00%,0.00%
xnpoq0e9,1,0,1,0.00%,0.00%,0.00%
.text,1,0,1,0.00%,0.00%,0.00%
tZU,1,0,1,0.00%,0.00%,0.00%
A3x ur,2,0,2,0.00%,0.00%,0.00%
Koc,1,0,1,0.00%,0.00%,0.00%
iwcrxcx,1,0,1,0.00%,0.00%,0.00%
autybhe,1,0,1,0.00%,0.00%,0.00%
PAGE4BRO,1,1,0,0.00%,0.00%,0.00%
.bootdat,1,1,0,0.00%,0.00%,0.00%
.text1,13,8,5,0.10%,0.00%,0.10%
PAGECONS,12,12,0,0.10%,0.10%,0.00%
oijegbi,1,0,1,0.00%,0.00%,0.00%
.buildid,595,595,0,2.50%,3.50%,0.00%
.shdata,2,2,0,0.00%,0.00%,0.00%
g568jnbz,1,0,1,0.00%,0.00%,0.00%
STLPORT_,1,0,1,0.00%,0.00%,0.00%
.PEDATA,3,0,3,0.00%,0.00%,0.00%
.erdata,2,0,2,0.00%,0.00%,0.00%
.spm,6,0,6,0.00%,0.00%,0.10%
hmqkxdp,1,0,1,0.00%,0.00%,0.00%
OERppzCe,2,0,2,0.00%,0.00%,0.00%
.FXmJ,1,0,1,0.00%,0.00%,0.00%
cji8,4,0,4,0.00%,0.00%,0.10%
nqo006KV,1,0,1,0.00%,0.00%,0.00%
.Rsrc,1,0,1,0.00%,0.00%,0.00%
.tPolicy,4,4,0,0.00%,0.00%,0.00%
.idada,1,0,1,0.00%,0.00%,0.00%
D,4,0,4,0.00%,0.00%,0.10%
CPUCAP_T,2,2,0,0.00%,0.00%,0.00%
INIT_TEX,1,1,0,0.00%,0.00%,0.00%
PAGELK,12,12,0,0.10%,0.10%,0.00%
.app,1,0,1,0.00%,0.00%,0.00%
.nsp2,2,0,2,0.00%,0.00%,0.00%
data,18,8,10,0.10%,0.00%,0.20%
.wxkgg,1,0,1,0.00%,0.00%,0.00%
wrkpnmu,1,0,1,0.00%,0.00%,0.00%
/4,1046,979,67,4.50%,5.80%,1.00%
PAGEWPP,5,5,0,0.00%,0.00%,0.00%
WOW64SVC,1,1,0,0.00%,0.00%,0.00%
.rodata,29,8,21,0.10%,0.00%,0.30%
.SF,11,0,11,0.00%,0.00%,0.20%
CURSORS,2,2,0,0.00%,0.00%,0.00%
eoeeprf,1,0,1,0.00%,0.00%,0.00%
CONST,4,1,3,0.00%,0.00%,0.00%
.rtext,1,1,0,0.00%,0.00%,0.00%
vaqdzxf,1,0,1,0.00%,0.00%,0.00%
.CRT$XIA,2,0,2,0.00%,0.00%,0.00%
data,1,0,1,0.00%,0.00%,0.00%
ljxdelm,1,0,1,0.00%,0.00%,0.00%
.depack,1,0,1,0.00%,0.00%,0.00%
.dtc,4,0,4,0.00%,0.00%,0.10%
EYLqMflj,1,0,1,0.00%,0.00%,0.00%
.ctors,2,0,2,0.00%,0.00%,0.00%
otnitgs,1,0,1,0.00%,0.00%,0.00%
.aspack,36,0,36,0.20%,0.00%,0.60%
.text,19006,13371,5635,81.20%,79.30%,86.20%
byqemzq,1,0,1,0.00%,0.00%,0.00%
0.1951231,2,0,2,0.00%,0.00%,0.00%
nrylryb,1,0,1,0.00%,0.00%,0.00%
bsgqhgw,1,0,1,0.00%,0.00%,0.00%
qguxcpt,1,0,1,0.00%,0.00%,0.00%
.avp,2,0,2,0.00%,0.00%,0.00%
.[su9ar],1,0,1,0.00%,0.00%,0.00%
.CUPX1,1,0,1,0.00%,0.00%,0.00%
RT_BSS,11,11,0,0.00%,0.10%,0.00%
.tsustub,1,0,1,0.00%,0.00%,0.00%
hobrcuu,1,0,1,0.00%,0.00%,0.00%
qr,2,0,2,0.00%,0.00%,0.00%
.e,1,0,1,0.00%,0.00%,0.00%
.api_1,1,0,1,0.00%,0.00%,0.00%
minATL,9,9,0,0.00%,0.10%,0.00%
.SEFCMD,1,0,1,0.00%,0.00%,0.00%
.qnk,2,0,2,0.00%,0.00%,0.00%
.nsp1,2,0,2,0.00%,0.00%,0.00%
.AESeal,2,0,2,0.00%,0.00%,0.00%
.PATCH,1,0,1,0.00%,0.00%,0.00%
force_or,1,1,0,0.00%,0.00%,0.00%
PAGER32R,5,5,0,0.00%,0.00%,0.00%
fmytshp,1,0,1,0.00%,0.00%,0.00%
fqngjbk,1,0,1,0.00%,0.00%,0.00%
xnr-mE_,2,0,2,0.00%,0.00%,0.00%
5248ybag,1,0,1,0.00%,0.00%,0.00%
nhgynzw,1,0,1,0.00%,0.00%,0.00%
8fkq3spw,1,0,1,0.00%,0.00%,0.00%
.yrdata,2,0,2,0.00%,0.00%,0.00%
6289hgyl,1,0,1,0.00%,0.00%,0.00%
.seda,1,0,1,0.00%,0.00%,0.00%
PAGEDATA,25,25,0,0.10%,0.10%,0.00%
/56,1,1,0,0.00%,0.00%,0.00%
DUMPDATA,1,1,0,0.00%,0.00%,0.00%
/14,40,10,30,0.20%,0.10%,0.50%
xamgnut,1,0,1,0.00%,0.00%,0.00%
PACK,1,0,1,0.00%,0.00%,0.00%
tvfzrmj,1,0,1,0.00%,0.00%,0.00%
.zero,9,0,9,0.00%,0.00%,0.10%
.extrel,26,26,0,0.10%,0.20%,0.00%
.QXT,1,0,1,0.00%,0.00%,0.00%
ffB6YnLb,1,0,1,0.00%,0.00%,0.00%
1Noc,1,0,1,0.00%,0.00%,0.00%
.eh_fram,25,10,15,0.10%,0.10%,0.20%
/51,2,2,0,0.00%,0.00%,0.00%
/113,2,2,0,0.00%,0.00%,0.00%
.pmj,3,0,3,0.00%,0.00%,0.00%
evpeiql,1,0,1,0.00%,0.00%,0.00%
ilibiil,1,0,1,0.00%,0.00%,0.00%
.sdata,66,7,59,0.30%,0.00%,0.90%
.srdata,1,1,0,0.00%,0.00%,0.00%
.kYamD8,1,0,1,0.00%,0.00%,0.00%
MH,2,0,2,0.00%,0.00%,0.00%
PAGEPARW,1,1,0,0.00%,0.00%,0.00%
relocs,8,0,8,0.00%,0.00%,0.10%
polfpij,1,0,1,0.00%,0.00%,0.00%
aymbupb,1,0,1,0.00%,0.00%,0.00%
PAGERPCD,4,4,0,0.00%,0.00%,0.00%
/70,195,164,31,0.80%,1.00%,0.50%
stxt371,1,0,1,0.00%,0.00%,0.00%
/81,194,163,31,0.80%,1.00%,0.50%
/30,1,1,0,0.00%,0.00%,0.00%
i=V=,1,0,1,0.00%,0.00%,0.00%
.ex_cod,1,0,1,0.00%,0.00%,0.00%
PAGELOCK,1,1,0,0.00%,0.00%,0.00%
dlcnczf,1,0,1,0.00%,0.00%,0.00%
.CODE,1,0,1,0.00%,0.00%,0.00%
.textx9o,1,0,1,0.00%,0.00%,0.00%
.jmdata,1,0,1,0.00%,0.00%,0.00%
t,3,0,3,0.00%,0.00%,0.00%
.zrdata,1,0,1,0.00%,0.00%,0.00%
.rrdata,6,0,6,0.00%,0.00%,0.10%
qwairco,1,0,1,0.00%,0.00%,0.00%
pdkyual,1,0,1,0.00%,0.00%,0.00%
.clam04,6,0,6,0.00%,0.00%,0.10%
.NewIT,1,0,1,0.00%,0.00%,0.00%
.cas,1,0,1,0.00%,0.00%,0.00%
.dtd,4,0,4,0.00%,0.00%,0.10%
krxtrms,1,0,1,0.00%,0.00%,0.00%
/71,3,3,0,0.00%,0.00%,0.00%
.xdata,1518,1494,24,6.50%,8.90%,0.40%
uuyrffy,1,0,1,0.00%,0.00%,0.00%
.VCrypt1,3,0,3,0.00%,0.00%,0.00%
xjfwwel,1,0,1,0.00%,0.00%,0.00%
.RGvaB,15,0,15,0.10%,0.00%,0.20%
est :,1,0,1,0.00%,0.00%,0.00%
.MPRESS1,4,0,4,0.00%,0.00%,0.10%
IMPORTS,1,0,1,0.00%,0.00%,0.00%
PADDING,23402,16865,6537,100.00%,100.00%,100.00%
.tqn,8,0,8,0.00%,0.00%,0.10%
.AGOCTIT,1,0,1,0.00%,0.00%,0.00%
.dldrat,1,0,1,0.00%,0.00%,0.00%
.SHARED,2,2,0,0.00%,0.00%,0.00%
zplpbtt,1,0,1,0.00%,0.00%,0.00%
pebundle,1,0,1,0.00%,0.00%,0.00%
.ifc,1,0,1,0.00%,0.00%,0.00%
sagighl,1,0,1,0.00%,0.00%,0.00%
text,14,11,3,0.10%,0.10%,0.00%
.code_0,1,0,1,0.00%,0.00%,0.00%
shgzesp,1,0,1,0.00%,0.00%,0.00%
mbou639g,1,0,1,0.00%,0.00%,0.00%
PAGEAVpn,1,1,0,0.00%,0.00%,0.00%
/97,2,0,2,0.00%,0.00%,0.00%
xenvakt,1,0,1,0.00%,0.00%,0.00%
Wc,1,0,1,0.00%,0.00%,0.00%
.Silvana,1,0,1,0.00%,0.00%,0.00%
.GIGGS,1,0,1,0.00%,0.00%,0.00%
rsrs,1,0,1,0.00%,0.00%,0.00%
.stefpet,1,0,1,0.00%,0.00%,0.00%
wvsrukp,1,0,1,0.00%,0.00%,0.00%
2lqivayb,1,0,1,0.00%,0.00%,0.00%
/78,3,3,0,0.00%,0.00%,0.00%
/80,4,2,2,0.00%,0.00%,0.00%
.ifc,4,0,4,0.00%,0.00%,0.10%
carlito,1,0,1,0.00%,0.00%,0.00%
+r3d/y,1,0,1,0.00%,0.00%,0.00%
.pr0,1,1,0,0.00%,0.00%,0.00%
.txt,1,1,0,0.00%,0.00%,0.00%
pfzqbus,1,0,1,0.00%,0.00%,0.00%
.TEXT,1,0,1,0.00%,0.00%,0.00%
.phx,4,0,4,0.00%,0.00%,0.10%
.fs,1,0,1,0.00%,0.00%,0.00%
.crdata,3,0,3,0.00%,0.00%,0.00%
g340,1,0,1,0.00%,0.00%,0.00%
sTc7W4kr,1,0,1,0.00%,0.00%,0.00%
CRT,2,0,2,0.00%,0.00%,0.00%
oz9uu7,2,0,2,0.00%,0.00%,0.00%
XOR,1,0,1,0.00%,0.00%,0.00%
.its,17,17,0,0.10%,0.10%,0.00%
3j-T,2,0,2,0.00%,0.00%,0.00%
DGROUP,2,0,2,0.00%,0.00%,0.00%
ted_data,1,1,0,0.00%,0.00%,0.00%
kkrunchy,21,0,21,0.10%,0.00%,0.30%
fMn,1,0,1,0.00%,0.00%,0.00%
.qmblock,1,0,1,0.00%,0.00%,0.00%
CPADinfo,1,0,1,0.00%,0.00%,0.00%
TGS,1,0,1,0.00%,0.00%,0.00%
bsifpiw,1,0,1,0.00%,0.00%,0.00%
PAGENBT,3,3,0,0.00%,0.00%,0.00%
.cacbeb,1,0,1,0.00%,0.00%,0.00%
.data5,8,0,8,0.00%,0.00%,0.10%
/67,34,5,29,0.10%,0.00%,0.40%
dadzx,2,0,2,0.00%,0.00%,0.00%
CODE,204,11,193,0.90%,0.10%,3.00%
sfsfsfsf,1,0,1,0.00%,0.00%,0.00%
mx_api,1,0,1,0.00%,0.00%,0.00%
pkpfjiy,1,0,1,0.00%,0.00%,0.00%
stguayj,1,0,1,0.00%,0.00%,0.00%
consent,1,1,0,0.00%,0.00%,0.00%
_CONST,1,1,0,0.00%,0.00%,0.00%
PAGEWArp,3,3,0,0.00%,0.00%,0.00%
5ata,1,0,1,0.00%,0.00%,0.00%
ITZDAMA,1,0,1,0.00%,0.00%,0.00%
.oli,3,0,3,0.00%,0.00%,0.00%
.rol,2,0,2,0.00%,0.00%,0.00%
"yc",1,0,1,0.00%,0.00%,0.00%
bbb,2,0,2,0.00%,0.00%,0.00%
TYSGDGYS,4,0,4,0.00%,0.00%,0.10%
ptfnfdx,1,0,1,0.00%,0.00%,0.00%
.rsrc,21232,15315,5917,90.70%,90.80%,90.50%
vtekhww,1,0,1,0.00%,0.00%,0.00%
Le passe,1,0,1,0.00%,0.00%,0.00%
.PACKMAN,1,0,1,0.00%,0.00%,0.00%
sspiane,1,0,1,0.00%,0.00%,0.00%
.vin,1,0,1,0.00%,0.00%,0.00%
ypekmut,1,0,1,0.00%,0.00%,0.00%
.textJ5@,1,0,1,0.00%,0.00%,0.00%
/61,2,0,2,0.00%,0.00%,0.00%
esgwfas,1,0,1,0.00%,0.00%,0.00%
atqsigf,1,0,1,0.00%,0.00%,0.00%
.PTData,1,0,1,0.00%,0.00%,0.00%
jlauyps,1,0,1,0.00%,0.00%,0.00%
.zdata,1,0,1,0.00%,0.00%,0.00%
zEPdf,1,0,1,0.00%,0.00%,0.00%
.nep,17,17,0,0.10%,0.10%,0.00%
PAGEKsVf,3,3,0,0.00%,0.00%,0.00%
.rsc,1,0,1,0.00%,0.00%,0.00%
Yaau3dil,2,0,2,0.00%,0.00%,0.00%
PAGEPcVf,1,1,0,0.00%,0.00%,0.00%
.cht_dat,1,1,0,0.00%,0.00%,0.00%
mH=s4DC,1,0,1,0.00%,0.00%,0.00%
.wpp_sf,22,22,0,0.10%,0.10%,0.00%
tReB@,1,0,1,0.00%,0.00%,0.00%
xpiplqr,1,0,1,0.00%,0.00%,0.00%
.init,1,0,1,0.00%,0.00%,0.00%
zqhsvuu,1,0,1,0.00%,0.00%,0.00%
.ydata,4,0,4,0.00%,0.00%,0.10%
.detourd,8,8,0,0.00%,0.00%,0.00%
.text,4,0,4,0.00%,0.00%,0.10%
.header,23402,16865,6537,100.00%,100.00%,100.00%
4data,1,0,1,0.00%,0.00%,0.00%
.VxD,1,0,1,0.00%,0.00%,0.00%
.,4,0,4,0.00%,0.00%,0.10%
c,1,0,1,0.00%,0.00%,0.00%
Q5-O+dr,1,0,1,0.00%,0.00%,0.00%
.vbdry,1,0,1,0.00%,0.00%,0.00%
.sxdata,16,2,14,0.10%,0.00%,0.20%
PAGEIPPT,1,1,0,0.00%,0.00%,0.00%
2src,1,0,1,0.00%,0.00%,0.00%
Ac,1,0,1,0.00%,0.00%,0.00%
.INIT,1,0,1,0.00%,0.00%,0.00%
makmhzx,1,0,1,0.00%,0.00%,0.00%
.aomadmi,1,1,0,0.00%,0.00%,0.00%
rnzjljm,1,0,1,0.00%,0.00%,0.00%
Ooo8n5HY,1,0,1,0.00%,0.00%,0.00%
W64SVC,1,1,0,0.00%,0.00%,0.00%
.v-lizer,1,0,1,0.00%,0.00%,0.00%
lZoe,1,0,1,0.00%,0.00%,0.00%
53cxfhvd,1,0,1,0.00%,0.00%,0.00%
.itext,33,4,29,0.10%,0.00%,0.40%
Shared,4,0,4,0.00%,0.00%,0.10%
.neolit,1,0,1,0.00%,0.00%,0.00%
kurguuw,1,0,1,0.00%,0.00%,0.00%
kaykqhf,1,0,1,0.00%,0.00%,0.00%
.yvs,2,0,2,0.00%,0.00%,0.00%
.clam02,6,0,6,0.00%,0.00%,0.10%
YB@,1,0,1,0.00%,0.00%,0.00%
/63,2,2,0,0.00%,0.00%,0.00%
6OqHWrHH,1,0,1,0.00%,0.00%,0.00%
Feokt.,1,0,1,0.00%,0.00%,0.00%
wiroozo,1,0,1,0.00%,0.00%,0.00%
rvbqvha,1,0,1,0.00%,0.00%,0.00%
yxzilyb,1,0,1,0.00%,0.00%,0.00%
fqfdxvx,1,0,1,0.00%,0.00%,0.00%
.stabstr,19,15,4,0.10%,0.10%,0.10%
.version,12,0,12,0.10%,0.00%,0.20%
UPX2,21,1,20,0.10%,0.00%,0.30%
wjkenll,1,0,1,0.00%,0.00%,0.00%
skzhanh,1,0,1,0.00%,0.00%,0.00%
-------,1,0,1,0.00%,0.00%,0.00%
omlkvlm,1,0,1,0.00%,0.00%,0.00%
dy4j2mwl,1,0,1,0.00%,0.00%,0.00%
.mrdata,7,7,0,0.00%,0.00%,0.00%
.enigma1,1,0,1,0.00%,0.00%,0.00%
WPCODES,1,1,0,0.00%,0.00%,0.00%
.bGPSwOt,15,0,15,0.10%,0.00%,0.20%
.fdata,1,0,1,0.00%,0.00%,0.00%
.ghfwe,1,0,1,0.00%,0.00%,0.00%
5481eatu,1,0,1,0.00%,0.00%,0.00%
G(oc,1,0,1,0.00%,0.00%,0.00%
iktbair,1,0,1,0.00%,0.00%,0.00%
.hkdata,1,0,1,0.00%,0.00%,0.00%
ugvmcec,1,0,1,0.00%,0.00%,0.00%
UPX1,451,11,440,1.90%,0.10%,6.70%
pakdxgu,1,0,1,0.00%,0.00%,0.00%
@5E4^,1,0,1,0.00%,0.00%,0.00%
.pb,1,0,1,0.00%,0.00%,0.00%
GLOBAL_I,3,3,0,0.00%,0.00%,0.00%
5341,1,0,1,0.00%,0.00%,0.00%
xP40K0Yc,1,0,1,0.00%,0.00%,0.00%
/35,4,2,2,0.00%,0.00%,0.00%
L,1,0,1,0.00%,0.00%,0.00%
b04flsoh,1,0,1,0.00%,0.00%,0.00%
.nsp0,2,0,2,0.00%,0.00%,0.00%
INITCONS,4,4,0,0.00%,0.00%,0.00%
.VCrypt0,3,0,3,0.00%,0.00%,0.00%
qftypmd,1,0,1,0.00%,0.00%,0.00%
packerBY,7,0,7,0.00%,0.00%,0.10%
.asyy,1,0,1,0.00%,0.00%,0.00%
/73,2,0,2,0.00%,0.00%,0.00%
_RDATA,20,19,1,0.10%,0.10%,0.00%
1data,1,0,1,0.00%,0.00%,0.00%
.packed,6,0,6,0.00%,0.00%,0.10%
SANONTCP,4,4,0,0.00%,0.00%,0.00%
SECUR,1,1,0,0.00%,0.00%,0.00%
.textWJT,1,0,1,0.00%,0.00%,0.00%
h1K6iLld,1,0,1,0.00%,0.00%,0.00%
stfu,2,0,2,0.00%,0.00%,0.00%
tdymnkt,1,0,1,0.00%,0.00%,0.00%
PAGEP,1,1,0,0.00%,0.00%,0.00%
qwpmqao,1,0,1,0.00%,0.00%,0.00%
UPX3,1,0,1,0.00%,0.00%,0.00%
.Shared,1,0,1,0.00%,0.00%,0.00%
37hgwoif,1,0,1,0.00%,0.00%,0.00%
PAGENWan,2,2,0,0.00%,0.00%,0.00%
INIT,671,604,67,2.90%,3.60%,1.00%
.vmp1,17,0,17,0.10%,0.00%,0.30%
v8x6ngxr,1,0,1,0.00%,0.00%,0.00%
mimi2,1,0,1,0.00%,0.00%,0.00%
.pdata,6330,6031,299,27.00%,35.80%,4.60%
EODE,13,0,13,0.10%,0.00%,0.20%
FE_TEXT,2,1,1,0.00%,0.00%,0.00%
/102,3,3,0,0.00%,0.00%,0.00%
.cdata,15,8,7,0.10%,0.00%,0.10%
xsqyuft,1,0,1,0.00%,0.00%,0.00%
h-,2,0,2,0.00%,0.00%,0.00%
ques,2,0,2,0.00%,0.00%,0.00%
rycjyag,1,0,1,0.00%,0.00%,0.00%
evretui,1,0,1,0.00%,0.00%,0.00%
_DATA,1,0,1,0.00%,0.00%,0.00%
psexyhl,1,0,1,0.00%,0.00%,0.00%
.RLDRQ,1,0,1,0.00%,0.00%,0.00%
.debug_o,3,2,1,0.00%,0.00%,0.00%
x7R,1,0,1,0.00%,0.00%,0.00%
PAGE_LK,1,1,0,0.00%,0.00%,0.00%
!BQk4+J,1,0,1,0.00%,0.00%,0.00%
.conf,1,0,1,0.00%,0.00%,0.00%
trudgod,1,0,1,0.00%,0.00%,0.00%
.tttc,1,0,1,0.00%,0.00%,0.00%
.rdata,15072,10534,4538,64.40%,62.50%,69.40%
.H9n,1,0,1,0.00%,0.00%,0.00%
pec3,1,0,1,0.00%,0.00%,0.00%
.37552a,1,0,1,0.00%,0.00%,0.00%
gtfo,2,0,2,0.00%,0.00%,0.00%
.axL,1,0,1,0.00%,0.00%,0.00%
.gda,5,0,5,0.00%,0.00%,0.10%
.gentee,2,0,2,0.00%,0.00%,0.00%
nhjpugv,1,0,1,0.00%,0.00%,0.00%
.jlmetb,1,0,1,0.00%,0.00%,0.00%
.lrdata,12,0,12,0.10%,0.00%,0.20%
PAGESRP0,2,2,0,0.00%,0.00%,0.00%
0,1,0,1,0.00%,0.00%,0.00%
/89,5,5,0,0.00%,0.00%,0.00%
_TEXT,3,0,3,0.00%,0.00%,0.00%
/42,1,1,0,0.00%,0.00%,0.00%
.Text,2,0,2,0.00%,0.00%,0.00%
klxcxky,1,0,1,0.00%,0.00%,0.00%
kkfpjnp,1,0,1,0.00%,0.00%,0.00%
.heb,6,0,6,0.00%,0.00%,0.10%
.data4,1,0,1,0.00%,0.00%,0.00%
.tqn,1,0,1,0.00%,0.00%,0.00%
.rloc,4,0,4,0.00%,0.00%,0.10%
yktscfs,1,0,1,0.00%,0.00%,0.00%
adosrdk,1,0,1,0.00%,0.00%,0.00%
text,1,0,1,0.00%,0.00%,0.00%
.rsrcx,1,0,1,0.00%,0.00%,0.00%
.iIEiZ,15,0,15,0.10%,0.00%,0.20%
.cove,1,0,1,0.00%,0.00%,0.00%
HookData,3,0,3,0.00%,0.00%,0.00%
PAGEPPTP,2,2,0,0.00%,0.00%,0.00%
[%oc,1,0,1,0.00%,0.00%,0.00%
sqvjjep,1,0,1,0.00%,0.00%,0.00%
.data1,21,13,8,0.10%,0.10%,0.10%
.rufg,1,0,1,0.00%,0.00%,0.00%
.vmp0,1,0,1,0.00%,0.00%,0.00%
QSnPUisN,1,0,1,0.00%,0.00%,0.00%
/29,38,8,30,0.20%,0.00%,0.50%
.reloc,14608,11641,2967,62.40%,69.00%,45.40%
eA?Ew,1,0,1,0.00%,0.00%,0.00%
.crt,3,0,3,0.00%,0.00%,0.00%
kaqlgsx,1,0,1,0.00%,0.00%,0.00%
.vsp,5,0,5,0.00%,0.00%,0.10%
.no_bbt,1,1,0,0.00%,0.00%,0.00%
/55,35,5,30,0.10%,0.00%,0.50%
zruliww,1,0,1,0.00%,0.00%,0.00%
vazmshn,1,0,1,0.00%,0.00%,0.00%
6ata,1,0,1,0.00%,0.00%,0.00%
.crt0,8,0,8,0.00%,0.00%,0.10%
xztdbzt,1,0,1,0.00%,0.00%,0.00%
stxt774,1,0,1,0.00%,0.00%,0.00%
sD_kjl,2,0,2,0.00%,0.00%,0.00%
RT_CONST,6,6,0,0.00%,0.00%,0.00%
.rsrc,1,0,1,0.00%,0.00%,0.00%
a,2,0,2,0.00%,0.00%,0.00%
AssertDa,1,1,0,0.00%,0.00%,0.00%
3src,1,0,1,0.00%,0.00%,0.00%
.hhqg,2,0,2,0.00%,0.00%,0.00%
jjljkjls,1,0,1,0.00%,0.00%,0.00%
L5V7EWad,1,0,1,0.00%,0.00%,0.00%
.msda,1,0,1,0.00%,0.00%,0.00%
.shared,1,1,0,0.00%,0.00%,0.00%
.qtmetad,91,91,0,0.40%,0.50%,0.00%
.tc,17,0,17,0.10%,0.00%,0.30%
petite,15,0,15,0.10%,0.00%,0.20%
.same,1,0,1,0.00%,0.00%,0.00%
reloc,5,0,5,0.00%,0.00%,0.10%
fkthdhf,1,0,1,0.00%,0.00%,0.00%
ofre,2,0,2,0.00%,0.00%,0.00%
PAGE,534,522,12,2.30%,3.10%,0.20%
PAGESER,1,1,0,0.00%,0.00%,0.00%
1ata,1,0,1,0.00%,0.00%,0.00%
ZFA7I2w,1,0,1,0.00%,0.00%,0.00%
OlV,1,0,1,0.00%,0.00%,0.00%
.hdata,2,2,0,0.00%,0.00%,0.00%
LaNbz,1,0,1,0.00%,0.00%,0.00%
/86,2,0,2,0.00%,0.00%,0.00%
.NXPTF,1,0,1,0.00%,0.00%,0.00%
mimi0,1,0,1,0.00%,0.00%,0.00%
ERRATA,3,3,0,0.00%,0.00%,0.00%
icapsec,1,1,0,0.00%,0.00%,0.00%
bjsuvcj,1,0,1,0.00%,0.00%,0.00%
HUDSGTD,1,0,1,0.00%,0.00%,0.00%
.yP,1,0,1,0.00%,0.00%,0.00%
jtb49vpf,1,0,1,0.00%,0.00%,0.00%
.data,15947,10864,5083,68.10%,64.40%,77.80%
.khe,3,0,3,0.00%,0.00%,0.00%
PAGESSTP,1,1,0,0.00%,0.00%,0.00%
zyncqar,1,0,1,0.00%,0.00%,0.00%
.ice,1,0,1,0.00%,0.00%,0.00%
mimi1,1,0,1,0.00%,0.00%,0.00%
nkztatu,1,0,1,0.00%,0.00%,0.00%
.uro,2,0,2,0.00%,0.00%,0.00%
.lost,1,0,1,0.00%,0.00%,0.00%
.qnk,2,0,2,0.00%,0.00%,0.00%
.udata,2,0,2,0.00%,0.00%,0.00%
.BJFNT,1,0,1,0.00%,0.00%,0.00%
.iPRMaL,15,0,15,0.10%,0.00%,0.20%
ljywffy,1,0,1,0.00%,0.00%,0.00%
B,1,0,1,0.00%,0.00%,0.00%
.prdata,3,0,3,0.00%,0.00%,0.00%
.bldvar,16,16,0,0.10%,0.10%,0.00%
.oxrgbki,1,0,1,0.00%,0.00%,0.00%
jvezhqr,1,0,1,0.00%,0.00%,0.00%
scxsorc,1,0,1,0.00%,0.00%,0.00%
.reloc0,1,0,1,0.00%,0.00%,0.00%
.bea0,3,0,3,0.00%,0.00%,0.00%
azqikeq,1,0,1,0.00%,0.00%,0.00%
.detourc,8,8,0,0.00%,0.00%,0.00%
2ata,1,0,1,0.00%,0.00%,0.00%
.NewSec,8,0,8,0.00%,0.00%,0.10%
.kd1,1,0,1,0.00%,0.00%,0.00%
T+6ptBT,1,0,1,0.00%,0.00%,0.00%
xsiadzb,1,0,1,0.00%,0.00%,0.00%
noxqcjf,1,0,1,0.00%,0.00%,0.00%
gujejqn,1,0,1,0.00%,0.00%,0.00%
api,1,0,1,0.00%,0.00%,0.00%
535hdztg,1,0,1,0.00%,0.00%,0.00%
PAGEL2TP,2,2,0,0.00%,0.00%,0.00%
.orpc,86,85,1,0.40%,0.50%,0.00%
.00cfg,384,375,9,1.60%,2.20%,0.10%
000001DB,1,0,1,0.00%,0.00%,0.00%
69,1,0,1,0.00%,0.00%,0.00%
PAGEVRF2,3,3,0,0.00%,0.00%,0.00%
dfdjslx,1,0,1,0.00%,0.00%,0.00%
.APP,1,0,1,0.00%,0.00%,0.00%
RTFOUT_P,2,2,0,0.00%,0.00%,0.00%
.idat_69,1,0,1,0.00%,0.00%,0.00%
"XKH<>G""Y",1,1,0,0.00%,0.00%,0.00%
.ndata,141,14,127,0.60%,0.10%,1.90%
crigpkm,1,0,1,0.00%,0.00%,0.00%
.xur,2,0,2,0.00%,0.00%,0.00%
.tdat,1,0,1,0.00%,0.00%,0.00%
.FFF,2,0,2,0.00%,0.00%,0.00%
.rres,1,0,1,0.00%,0.00%,0.00%
.RUPX1,1,0,1,0.00%,0.00%,0.00%
.imdata,12,0,12,0.10%,0.00%,0.20%
.terr,1,0,1,0.00%,0.00%,0.00%
dwogsjh,1,0,1,0.00%,0.00%,0.00%
.itt_not,1,1,0,0.00%,0.00%,0.00%
.iThunks,1,0,1,0.00%,0.00%,0.00%
PAGEWsk,4,4,0,0.00%,0.00%,0.00%
djkqbjv,1,0,1,0.00%,0.00%,0.00%
mqsmrvw,1,0,1,0.00%,0.00%,0.00%
yojoyj73,1,0,1,0.00%,0.00%,0.00%
yfdbrss,1,0,1,0.00%,0.00%,0.00%
fkqxout,1,0,1,0.00%,0.00%,0.00%
.a,1,0,1,0.00%,0.00%,0.00%
.res,26,0,26,0.10%,0.00%,0.40%
.text/DE,2,1,1,0.00%,0.00%,0.00%
PAGEVRFY,1,1,0,0.00%,0.00%,0.00%
.extjmp,26,26,0,0.10%,0.20%,0.00%
nistypi,1,0,1,0.00%,0.00%,0.00%
ITBL,1,1,0,0.00%,0.00%,0.00%
.zwt,1,0,1,0.00%,0.00%,0.00%
/107,1,1,0,0.00%,0.00%,0.00%
UPX0,453,11,442,1.90%,0.10%,6.80%
Õùoc,1,0,1,0.00%,0.00%,0.00%
.dada0,1,0,1,0.00%,0.00%,0.00%
9S,1,0,1,0.00%,0.00%,0.00%
ztqazth,1,0,1,0.00%,0.00%,0.00%
.idat_84,1,0,1,0.00%,0.00%,0.00%
.clam06,3,0,3,0.00%,0.00%,0.00%
PAGEVRF1,3,3,0,0.00%,0.00%,0.00%
qgowlqj,1,0,1,0.00%,0.00%,0.00%
